{
    "tp": 3197,
    "fp": 911,
    "fn": 107,
    "tn": 207,
    "accuracy": 0.7697874265038445,
    "micro-f1": 0.8626551538046412,
    "macro-f1": 0.8610214023484625,
    "Num_of_classes": 7.655629139072848
}