{
    "tp": 2746,
    "fp": 1386,
    "fn": 123,
    "tn": 207,
    "accuracy": 0.6618108471537427,
    "micro-f1": 0.7844593629481503,
    "macro-f1": 0.7985850819073179,
    "Num_of_classes": 7.483443708609271
}