{
    "tp": 1407,
    "fp": 479,
    "fn": 691,
    "precision": 0.7460233297985154,
    "recall": 0.6706387035271687,
    "f1": 0.7063253012048193,
    "in_length": 2761.384105960265
}