{
    "tp": 2364,
    "fp": 10,
    "fn": 172,
    "precision": 0.995787700084246,
    "recall": 0.9321766561514195,
    "f1": 0.9629327902240324,
    "Num_of_mentions": 28.423841059602648,
    "Num_of_entities": 17.503311258278146
}