{
    "tp": 1565,
    "fp": 93,
    "fn": 457,
    "precision": 0.9439083232810616,
    "recall": 0.7739861523244312,
    "f1": 0.8505434782608695,
    "in_length": 946.6382978723404
}