{
    "tp": 2536,
    "fp": 257,
    "fn": 0,
    "precision": 0.907984246330111,
    "recall": 1.0,
    "f1": 0.9517733158191031,
    "Num_of_mentions": 28.423841059602648,
    "Num_of_entities": 15.132450331125828
}