{
    "tp": 2536,
    "fp": 1336,
    "fn": 0,
    "precision": 0.6549586776859504,
    "recall": 1.0,
    "f1": 0.7915106117353308,
    "Num_of_mentions": 28.423841059602648,
    "Num_of_entities": 8.112582781456954
}