{
    "tp": 2696,
    "fp": 1144,
    "fn": 112,
    "tn": 190,
    "accuracy": 0.6967648478995654,
    "micro-f1": 0.8110709987966305,
    "macro-f1": 0.8194826515474071,
    "Num_of_classes": 7.574468085106383
}