{
    "tp": 3349,
    "fp": 746,
    "fn": 87,
    "tn": 207,
    "accuracy": 0.810207336523126,
    "micro-f1": 0.8893905191873589,
    "macro-f1": 0.8786679480203858,
    "Num_of_classes": 7.556291390728477
}