{
    "tp": 3386,
    "fp": 756,
    "fn": 77,
    "tn": 207,
    "accuracy": 0.8117939448712156,
    "micro-f1": 0.8904667981591059,
    "macro-f1": 0.8827587171013312,
    "Num_of_classes": 7.6092715231788075
}