{
    "tp": 1767,
    "fp": 119,
    "fn": 379,
    "precision": 0.9369034994697774,
    "recall": 0.8233923578751164,
    "f1": 0.8764880952380952,
    "in_length": 1539.682119205298
}