{
    "tp": 2536,
    "fp": 557,
    "fn": 0,
    "precision": 0.8199159392175881,
    "recall": 1.0,
    "f1": 0.9010481435423698,
    "Num_of_mentions": 28.423841059602648,
    "Num_of_entities": 13.317880794701987
}