{
    "tp": 1589,
    "fp": 371,
    "fn": 843,
    "precision": 0.8107142857142857,
    "recall": 0.6533717105263158,
    "f1": 0.7235883424408016,
    "in_length": 1539.682119205298
}