{
    "tp": 1471,
    "fp": 348,
    "fn": 933,
    "precision": 0.8086860912589334,
    "recall": 0.6118968386023295,
    "f1": 0.6966611413686953,
    "in_length": 949.9536423841059
}