{
    "tp": 2536,
    "fp": 10,
    "fn": 0,
    "precision": 0.9960722702278083,
    "recall": 1.0,
    "f1": 0.9980322707595434,
    "Num_of_mentions": 28.423841059602648,
    "Num_of_entities": 16.62251655629139
}