{
    "tp": 2903,
    "fp": 1232,
    "fn": 131,
    "tn": 206,
    "accuracy": 0.6952146690518783,
    "micro-f1": 0.8098758543729949,
    "macro-f1": 0.8215701213640374,
    "Num_of_classes": 7.602649006622516
}