{
    "tp": 2542,
    "fp": 1580,
    "fn": 141,
    "tn": 207,
    "accuracy": 0.6149888143176734,
    "micro-f1": 0.7470977222630419,
    "macro-f1": 0.7850132749755091,
    "Num_of_classes": 7.6092715231788075
}