{
    "tp": 1689,
    "fp": 197,
    "fn": 320,
    "precision": 0.8955461293743372,
    "recall": 0.840716774514684,
    "f1": 0.8672657252888318,
    "in_length": 2761.384105960265
}