{
    "tp": 1225,
    "fp": 521,
    "fn": 1154,
    "precision": 0.7016036655211912,
    "recall": 0.5149222362337117,
    "f1": 0.5939393939393939,
    "in_length": 1539.682119205298
}