{
    "tp": 3430,
    "fp": 692,
    "fn": 75,
    "tn": 207,
    "accuracy": 0.8258401453224341,
    "micro-f1": 0.8994362134522093,
    "macro-f1": 0.8924039924897281,
    "Num_of_classes": 7.529801324503311
}