{
    "tp": 2502,
    "fp": 63,
    "fn": 34,
    "precision": 0.9754385964912281,
    "recall": 0.9865930599369085,
    "f1": 0.9809841207606352,
    "Num_of_mentions": 28.423841059602648,
    "Num_of_entities": 16.503311258278146
}