{
    "tp": 1519,
    "fp": 370,
    "fn": 910,
    "precision": 0.8041291688724193,
    "recall": 0.6253602305475504,
    "f1": 0.7035664659564612,
    "in_length": 1539.682119205298
}