{
    "tp": 1541,
    "fp": 373,
    "fn": 891,
    "precision": 0.8051201671891327,
    "recall": 0.6336348684210527,
    "f1": 0.709157846295444,
    "in_length": 2138.41059602649
}