{
    "tp": 1456,
    "fp": 330,
    "fn": 974,
    "precision": 0.8152295632698768,
    "recall": 0.5991769547325103,
    "f1": 0.6907020872865275,
    "in_length": 1490.7615894039734
}